Unique ID,Match Name,Date,Event,Brand/Promotion,YouTube Link,Dailymotion Link,Other Link,Thumbnail Link
"Ric Flair vs. Butch Reed [ a ] - CWF - April 7, 1982 - Miami Beach show",Ric Flair vs. Butch Reed [ a ],"April 7, 1982",Miami Beach show,CWF,,,,
"Dynamite Kid vs. Tiger Mask - NJPW - April 21, 1983 - Big Fight Series II Night 19",Dynamite Kid vs. Tiger Mask,"April 21, 1983",Big Fight Series II Night 19,NJPW,,,,
"Kazuo Yamazaki vs. Nobuhiko Takada - UWF - December 5, 1984 - Year-End Special Day 10",Kazuo Yamazaki vs. Nobuhiko Takada,"December 5, 1984",Year-End Special Day 10,UWF,,,,
"Bruiser Brody and Stan Hansen vs. Dory Funk Jr. and Terry Funk - AJPW - December 8, 1984 - Real World Tag League Night 15",Bruiser Brody and Stan Hansen vs. Dory Funk Jr. and Terry Funk,"December 8, 1984",Real World Tag League Night 15,AJPW,,,,
"Kuniaki Kobayashi vs. Tiger Mask - AJPW - March 9, 1985 - 85 Gekitoh! Exciting Wars Night 14",Kuniaki Kobayashi vs. Tiger Mask,"March 9, 1985",85 Gekitoh! Exciting Wars Night 14,AJPW,,,,
"Lioness Asuka vs. Jaguar Yokota - AJW - August 22, 1985 - Summer Night Festival in Budokan",Lioness Asuka vs. Jaguar Yokota,"August 22, 1985",Summer Night Festival in Budokan,AJW,,,,
"Jumbo Tsuruta and Genichiro Tenryu vs. Riki Choshu and Yoshiaki Yatsu - AJPW - January 28, 1986 - New Years War Super Battle Night 25",Jumbo Tsuruta and Genichiro Tenryu vs. Riki Choshu and Yoshiaki Yatsu,"January 28, 1986",New Years War Super Battle Night 25,AJPW,,,,
"Ric Flair vs. Barry Windham - CWF - February 14, 1986 - Battle of the Belts 2",Ric Flair vs. Barry Windham,"February 14, 1986",Battle of the Belts 2,CWF,,,,
"The Fantastics ( Bobby Fulton and Tommy Rogers ) vs. The Sheepherders ( Butch Miller and Luke Williams ) - JCP - April 19, 1986 - Crockett Cup",The Fantastics ( Bobby Fulton and Tommy Rogers ) vs. The Sheepherders ( Butch Miller and Luke Williams ),"April 19, 1986",Crockett Cup,JCP,,,,
"Ric Flair vs. Barry Windham - JCP - January 20, 1987 - World Wide Wrestling",Ric Flair vs. Barry Windham,"January 20, 1987",World Wide Wrestling,JCP,,,,
"Chigusa Nagayo vs. Lioness Asuka - AJW - February 26, 1987 - Kawasaki show",Chigusa Nagayo vs. Lioness Asuka,"February 26, 1987",Kawasaki show,AJW,,,,
"Akira Maeda and Nobuhiko Takada vs. Keiji Muto and Shiro Koshinaka - NJPW - March 20, 1987 - Spring Flare Up Night 21",Akira Maeda and Nobuhiko Takada vs. Keiji Muto and Shiro Koshinaka,"March 20, 1987",Spring Flare Up Night 21,NJPW,,,,
"Ric Flair vs. Barry Windham - JCP - April 11, 1987 - Crockett Cup",Ric Flair vs. Barry Windham,"April 11, 1987",Crockett Cup,JCP,,,,
"Paul Ellering , The Road Warriors ( Hawk and Animal ) , and The Super Powers ( Dusty Rhodes and Nikita Koloff ) vs. The Four Horsemen ( Arn Anderson , Lex Luger , Ric Flair , Tully Blanchard , and J. J. Dillon ) - JCP - July 4, 1987 - The Great American Bash","Paul Ellering , The Road Warriors ( Hawk and Animal ) , and The Super Powers ( Dusty Rhodes and Nikita Koloff ) vs. The Four Horsemen ( Arn Anderson , Lex Luger , Ric Flair , Tully Blanchard , and J. J. Dillon )","July 4, 1987",The Great American Bash,JCP,,,,
"Paul Ellering , The Road Warriors ( Hawk and Animal ) , and The Super Powers ( Dusty Rhodes and Nikita Koloff ) vs. The Four Horsemen ( Arn Anderson , Lex Luger , Ric Flair , The War Machine , and Tully Blanchard ) - JCP - July 31, 1987 - The Great American Bash","Paul Ellering , The Road Warriors ( Hawk and Animal ) , and The Super Powers ( Dusty Rhodes and Nikita Koloff ) vs. The Four Horsemen ( Arn Anderson , Lex Luger , Ric Flair , The War Machine , and Tully Blanchard )","July 31, 1987",The Great American Bash,JCP,,,,
"Chigusa Nagayo , Mika Suzuki, Mika Takahashi, Yachiya Hirata, Yumi Ogura, and Yumiko Hotta vs. Etsuko Mita , Kazue Nagahori , Lioness Asuka , Mika Komatsu, Mitsuko Nishiwaki, and Sachiko Nakamura - AJW - December 6, 1987 - Korakuen Hall show","Chigusa Nagayo , Mika Suzuki, Mika Takahashi, Yachiya Hirata, Yumi Ogura, and Yumiko Hotta vs. Etsuko Mita , Kazue Nagahori , Lioness Asuka , Mika Komatsu, Mitsuko Nishiwaki, and Sachiko Nakamura","December 6, 1987",Korakuen Hall show,AJW,,,,
"Genichiro Tenryu and Toshiaki Kawada vs. Stan Hansen and Terry Gordy - AJPW - December 16, 1988 - Real World Tag League Night 23",Genichiro Tenryu and Toshiaki Kawada vs. Stan Hansen and Terry Gordy,"December 16, 1988",Real World Tag League Night 23,AJPW,,,,
"Genichiro Tenryu , Toshiaki Kawada , and Samson Fuyuki vs. Jumbo Tsuruta , Yoshiaki Yatsu , and Masanobu Fuchi - AJPW - January 28, 1989 - New Year Giant Series Night 17","Genichiro Tenryu , Toshiaki Kawada , and Samson Fuyuki vs. Jumbo Tsuruta , Yoshiaki Yatsu , and Masanobu Fuchi","January 28, 1989",New Year Giant Series Night 17,AJPW,,,,
"Ric Flair vs. Ricky Steamboat - WCW - February 20, 1989 - Chi-Town Rumble",Ric Flair vs. Ricky Steamboat,"February 20, 1989",Chi-Town Rumble,WCW,,,,
"Ric Flair vs. Ricky Steamboat - WCW - March 18, 1989 - Landover, MD show",Ric Flair vs. Ricky Steamboat,"March 18, 1989","Landover, MD show",WCW,,,,
"Ric Flair vs. Ricky Steamboat - WCW - April 2, 1989 - Clash of the Champions VI",Ric Flair vs. Ricky Steamboat,"April 2, 1989",Clash of the Champions VI,WCW,,,,
"Ric Flair vs. Ricky Steamboat - WCW - May 7, 1989 - WrestleWar",Ric Flair vs. Ricky Steamboat,"May 7, 1989",WrestleWar,WCW,,,,
"Jumbo Tsuruta vs. Genichiro Tenryu - AJPW - June 5, 1989 - Super Power Series Night 18",Jumbo Tsuruta vs. Genichiro Tenryu,"June 5, 1989",Super Power Series Night 18,AJPW,,,,
"Ric Flair vs. Terry Funk - WCW - November 15, 1989 - Clash of the Champions IX",Ric Flair vs. Terry Funk,"November 15, 1989",Clash of the Champions IX,WCW,,,,
"Jushin Thunder Liger vs. Naoki Sano - NJPW - January 31, 1990 - New Year Golden Series",Jushin Thunder Liger vs. Naoki Sano,"January 31, 1990",New Year Golden Series,NJPW,,,,
"Jumbo Tsuruta vs. Mitsuharu Misawa - AJPW - June 8, 1990 - Super Power Series Night 19",Jumbo Tsuruta vs. Mitsuharu Misawa,"June 8, 1990",Super Power Series Night 19,AJPW,,,,
"Jumbo Tsuruta and Akira Taue vs. Mitsuharu Misawa and Toshiaki Kawada - AJPW - September 30, 1990 - October Giant Series Night 2",Jumbo Tsuruta and Akira Taue vs. Mitsuharu Misawa and Toshiaki Kawada,"September 30, 1990",October Giant Series Night 2,AJPW,,,,
"Mitsuharu Misawa , Toshiaki Kawada , and Kenta Kobashi vs. Jumbo Tsuruta , Masanobu Fuchi , and Akira Taue - AJPW - October 19, 1990 - October Giant Series Night 16","Mitsuharu Misawa , Toshiaki Kawada , and Kenta Kobashi vs. Jumbo Tsuruta , Masanobu Fuchi , and Akira Taue","October 19, 1990",October Giant Series Night 16,AJPW,,,,
"Akira Hokuto vs. Bull Nakano - AJW - January 4, 1991 - Korakuen Hall show",Akira Hokuto vs. Bull Nakano,"January 4, 1991",Korakuen Hall show,AJW,,,,
"The Four Horsemen ( Barry Windham , Larry Zbyszko , Ric Flair , and Sid Vicious ) vs. Brian Pillman , Sting , and The Steiner Brothers ( Rick Steiner and Scott Steiner ) - WCW - February 24, 1991 - WrestleWar","The Four Horsemen ( Barry Windham , Larry Zbyszko , Ric Flair , and Sid Vicious ) vs. Brian Pillman , Sting , and The Steiner Brothers ( Rick Steiner and Scott Steiner )","February 24, 1991",WrestleWar,WCW,,,,
"Mitsuharu Misawa , Toshiaki Kawada , and Kenta Kobashi vs. Jumbo Tsuruta , Masanobu Fuchi , and Akira Taue - AJPW - April 20, 1991 - Fan Appreciation Day","Mitsuharu Misawa , Toshiaki Kawada , and Kenta Kobashi vs. Jumbo Tsuruta , Masanobu Fuchi , and Akira Taue","April 20, 1991",Fan Appreciation Day,AJPW,,,,
"Big Van Vader vs. Keiji Mutoh - NJPW - August 9, 1991 - G1 Climax 1991 Night 2",Big Van Vader vs. Keiji Mutoh,"August 9, 1991",G1 Climax 1991 Night 2,NJPW,,,,
"Kyoko Inoue vs. Manami Toyota - AJW - April 25, 1992 - Wrestlemarinepiad",Kyoko Inoue vs. Manami Toyota,"April 25, 1992",Wrestlemarinepiad,AJW,,,,
"El Samurai vs. Jushin Thunder Liger - NJPW - April 30, 1992 - Explosion Tour Night 13 (Final)",El Samurai vs. Jushin Thunder Liger,"April 30, 1992",Explosion Tour Night 13 (Final),NJPW,,,,
"Atsushi Onita , El Hijo del Santo and Tarzan Goto vs. Horace Boulder , Negro Casas and Tim Patterson - FMW / WWA - May 16, 1992 - Los Ángeles show","Atsushi Onita , El Hijo del Santo and Tarzan Goto vs. Horace Boulder , Negro Casas and Tim Patterson","May 16, 1992",Los Ángeles show,FMW / WWA,,,,
"Dangerous Alliance ( Arn Anderson , Bobby Eaton , Larry Zbyszko , Rick Rude , and Steve Austin ) vs. Sting's Squadron ( Barry Windham , Dustin Rhodes , Nikita Koloff , Ricky Steamboat , and Sting ) - WCW - May 17, 1992 - WrestleWar","Dangerous Alliance ( Arn Anderson , Bobby Eaton , Larry Zbyszko , Rick Rude , and Steve Austin ) vs. Sting's Squadron ( Barry Windham , Dustin Rhodes , Nikita Koloff , Ricky Steamboat , and Sting )","May 17, 1992",WrestleWar,WCW,,,,
"Mitsuharu Misawa , Toshiaki Kawada , and Kenta Kobashi vs. Jumbo Tsuruta , Masanobu Fuchi , and Akira Taue - AJPW - May 22, 1992 - Super Power Series Night 6","Mitsuharu Misawa , Toshiaki Kawada , and Kenta Kobashi vs. Jumbo Tsuruta , Masanobu Fuchi , and Akira Taue","May 22, 1992",Super Power Series Night 6,AJPW,,,,
"Kenta Kobashi and Tsuyoshi Kikuchi vs. Can-Am Express ( Doug Furnas and Dan Kroffat ) - AJPW - May 25, 1992 - Super Power Series Night 8",Kenta Kobashi and Tsuyoshi Kikuchi vs. Can-Am Express ( Doug Furnas and Dan Kroffat ),"May 25, 1992",Super Power Series Night 8,AJPW,,,,
"Kenta Kobashi and Tsuyoshi Kikuchi vs. Masanobu Fuchi and Yoshinari Ogawa - AJPW - July 5, 1992 - Summer Action Series Night 2",Kenta Kobashi and Tsuyoshi Kikuchi vs. Masanobu Fuchi and Yoshinari Ogawa,"July 5, 1992",Summer Action Series Night 2,AJPW,,,,
"Manami Toyota vs. Toshiyo Yamada - AJW - August 15, 1992 - Mid Summer Typhoon",Manami Toyota vs. Toshiyo Yamada,"August 15, 1992",Mid Summer Typhoon,AJW,,,,
"Kyoko Inoue and Takako Inoue vs. Cutie Suzuki and Mayumi Ozaki - AJW - April 2, 1993 - Dream Slam I",Kyoko Inoue and Takako Inoue vs. Cutie Suzuki and Mayumi Ozaki,"April 2, 1993",Dream Slam I,AJW,,,,
"Shinobu Kandori vs. Akira Hokuto - AJW - April 2, 1993 - Dream Slam I",Shinobu Kandori vs. Akira Hokuto,"April 2, 1993",Dream Slam I,AJW,,,,
"Manami Toyota and Toshiyo Yamada vs. Dynamite Kansai and Mayumi Ozaki - AJW - April 11, 1993 - Dream Slam II",Manami Toyota and Toshiyo Yamada vs. Dynamite Kansai and Mayumi Ozaki,"April 11, 1993",Dream Slam II,AJW,,,,
"Bull Nakano vs. Devil Masami - JWP - April 18, 1993 - Korakuen Hall show",Bull Nakano vs. Devil Masami,"April 18, 1993",Korakuen Hall show,JWP,,,,
"Kenta Kobashi vs. Toshiaki Kawada - AJPW - April 25, 1993 - Champion Carnival",Kenta Kobashi vs. Toshiaki Kawada,"April 25, 1993",Champion Carnival,AJPW,,,,
"Mitsuharu Misawa , Kenta Kobashi , and Jun Akiyama vs. Yoshinari Ogawa and Holy Demon Army ( Toshiaki Kawada and Akira Taue ) - AJPW - July 2, 1993 - Summer Action Series Night 1","Mitsuharu Misawa , Kenta Kobashi , and Jun Akiyama vs. Yoshinari Ogawa and Holy Demon Army ( Toshiaki Kawada and Akira Taue )","July 2, 1993",Summer Action Series Night 1,AJPW,,,,
"Kenta Kobashi vs. Stan Hansen - AJPW - July 29, 1993 - Summer Action Series Night 22",Kenta Kobashi vs. Stan Hansen,"July 29, 1993",Summer Action Series Night 22,AJPW,,,,
"Aja Kong , Kyoko Inoue , Takako Inoue , and Sakie Hasegawa vs. Cutie Suzuki , Dynamite Kansai , Mayumi Ozaki , and Hikari Fukuoka - JWP - July 31, 1993 - Thunder Queen Battle in Yokohama","Aja Kong , Kyoko Inoue , Takako Inoue , and Sakie Hasegawa vs. Cutie Suzuki , Dynamite Kansai , Mayumi Ozaki , and Hikari Fukuoka","July 31, 1993",Thunder Queen Battle in Yokohama,JWP,,,,
"Kenta Kobashi vs. Steve Williams - AJPW - August 31, 1993 - Summer Action Series II Night 10",Kenta Kobashi vs. Steve Williams,"August 31, 1993",Summer Action Series II Night 10,AJPW,,,,
"The Holy Demon Army ( Toshiaki Kawada and Akira Taue ) vs. Kenta Kobashi and Mitsuharu Misawa - AJPW - December 3, 1993 - Real World Tag League Night 18 (Final)",The Holy Demon Army ( Toshiaki Kawada and Akira Taue ) vs. Kenta Kobashi and Mitsuharu Misawa,"December 3, 1993",Real World Tag League Night 18 (Final),AJPW,,,,
"Manami Toyota and Toshiyo Yamada vs. Dynamite Kansai and Mayumi Ozaki - AJW - December 6, 1993 - St. Battle Final",Manami Toyota and Toshiyo Yamada vs. Dynamite Kansai and Mayumi Ozaki,"December 6, 1993",St. Battle Final,AJW,,,,
"Manami Toyota and Akira Hokuto vs. Toshiyo Yamada and Kyoko Inoue - AJW - December 10, 1993 - Tag League The Best",Manami Toyota and Akira Hokuto vs. Toshiyo Yamada and Kyoko Inoue,"December 10, 1993",Tag League The Best,AJW,,,,
"Manami Toyota and Akira Hokuto vs. Toshiyo Yamada and Kyoko Inoue - AJW - December 10, 1993 - Tag League The Best",Manami Toyota and Akira Hokuto vs. Toshiyo Yamada and Kyoko Inoue,"December 10, 1993",Tag League The Best,AJW,,,,
"Mitsuharu Misawa , Kenta Kobashi , and Giant Baba vs. Masanobu Fuchi and Holy Demon Army ( Toshiaki Kawada and Akira Taue ) - AJPW - January 29, 1994 - New Year Giant Series Night 20","Mitsuharu Misawa , Kenta Kobashi , and Giant Baba vs. Masanobu Fuchi and Holy Demon Army ( Toshiaki Kawada and Akira Taue )","January 29, 1994",New Year Giant Series Night 20,AJPW,,,,
"Razor Ramon vs. Shawn Michaels - WWF - March 20, 1994 - WrestleMania X",Razor Ramon vs. Shawn Michaels,"March 20, 1994",WrestleMania X,WWF,,,,
"The Great Sasuke vs. Wild Pegasus - NJPW - April 16, 1994 - Super J-Cup",The Great Sasuke vs. Wild Pegasus,"April 16, 1994",Super J-Cup,NJPW,,,,
"Mitsuharu Misawa and Kenta Kobashi vs. The Holy Demon Army ( Toshiaki Kawada and Akira Taue ) - AJPW - May 21, 1994 - Super Power Series Night 6",Mitsuharu Misawa and Kenta Kobashi vs. The Holy Demon Army ( Toshiaki Kawada and Akira Taue ),"May 21, 1994",Super Power Series Night 6,AJPW,,,,
"Mitsuharu Misawa vs. Toshiaki Kawada - AJPW - June 3, 1994 - Super Power Series Night 16",Mitsuharu Misawa vs. Toshiaki Kawada,"June 3, 1994",Super Power Series Night 16,AJPW,,,,
"The Great Sasuke vs. Jushin Thunder Liger - NJPW - July 8, 1994 - Summer Struggle",The Great Sasuke vs. Jushin Thunder Liger,"July 8, 1994",Summer Struggle,NJPW,,,,
"Bret Hart vs. Owen Hart - WWF - August 29, 1994 - SummerSlam",Bret Hart vs. Owen Hart,"August 29, 1994",SummerSlam,WWF,,,,
"Kyoko Inoue and Takako Inoue vs. Manami Toyota and Toshiyo Yamada - AJW - October 9, 1994 - Wrestlemarinpiad",Kyoko Inoue and Takako Inoue vs. Manami Toyota and Toshiyo Yamada,"October 9, 1994",Wrestlemarinpiad,AJW,,,,
"Los Gringos Locos ( Art Barr and Eddy Guerrero ) vs. El Hijo del Santo and Octagón - AAA - November 6, 1994 - When Worlds Collide",Los Gringos Locos ( Art Barr and Eddy Guerrero ) vs. El Hijo del Santo and Octagón,"November 6, 1994",When Worlds Collide,AAA,,,,
"Aja Kong vs. Manami Toyota - AJW - November 20, 1994 - Big Egg Wrestling Universe",Aja Kong vs. Manami Toyota,"November 20, 1994",Big Egg Wrestling Universe,AJW,,,,
"Rey Misterio Jr. vs. Juventud Guerrera - AAA - November 30, 1994 - Matamoros show",Rey Misterio Jr. vs. Juventud Guerrera,"November 30, 1994",Matamoros show,AAA,,,,
"Kenta Kobashi vs. Toshiaki Kawada - AJPW - January 19, 1995 - New Year Giant Series Night 14",Kenta Kobashi vs. Toshiaki Kawada,"January 19, 1995",New Year Giant Series Night 14,AJPW,,,,
"Mitsuharu Misawa and Kenta Kobashi vs. The Holy Demon Army ( Toshiaki Kawada and Akira Taue ) - AJPW - January 24, 1995 - New Year Giant Series Night 17",Mitsuharu Misawa and Kenta Kobashi vs. The Holy Demon Army ( Toshiaki Kawada and Akira Taue ),"January 24, 1995",New Year Giant Series Night 17,AJPW,,,,
"Kenta Kobashi and Mitsuharu Misawa vs. Johnny Ace and Steve Williams - AJPW - March 4, 1995 - Excite Series Night 12",Kenta Kobashi and Mitsuharu Misawa vs. Johnny Ace and Steve Williams,"March 4, 1995",Excite Series Night 12,AJPW,,,,
"Akira Taue vs. Mitsuharu Misawa - AJPW - April 15, 1995 - Champion Carnival Night 19 (Final)",Akira Taue vs. Mitsuharu Misawa,"April 15, 1995",Champion Carnival Night 19 (Final),AJPW,,,,
"Manami Toyota vs. Kyoko Inoue - AJW - May 7, 1995 - G*Top 2nd",Manami Toyota vs. Kyoko Inoue,"May 7, 1995",G*Top 2nd,AJW,,,,
"Kenta Kobashi and Mitsuharu Misawa vs. The Holy Demon Army ( Toshiaki Kawada and Akira Taue ) - AJPW - June 9, 1995 - Super Power Series Night 15",Kenta Kobashi and Mitsuharu Misawa vs. The Holy Demon Army ( Toshiaki Kawada and Akira Taue ),"June 9, 1995",Super Power Series Night 15,AJPW,,,,
"Manami Toyota vs. Aja Kong - AJW - June 27, 1995 - Zenjo Movement Night 40",Manami Toyota vs. Aja Kong,"June 27, 1995",Zenjo Movement Night 40,AJW,,,,
"Mitsuharu Misawa , Kenta Kobashi , and Satoru Asako vs. Tamon Honda and Holy Demon Army ( Toshiaki Kawada and Akira Taue ) - AJPW - June 30, 1995 - Summer Action Series Night 1","Mitsuharu Misawa , Kenta Kobashi , and Satoru Asako vs. Tamon Honda and Holy Demon Army ( Toshiaki Kawada and Akira Taue )","June 30, 1995",Summer Action Series Night 1,AJPW,,,,
"Manami Toyota vs. Mima Shimoda - AJW - July 23, 1995 - Japan Grand Prix Night 8",Manami Toyota vs. Mima Shimoda,"July 23, 1995",Japan Grand Prix Night 8,AJW,,,,
"Kyoko Inoue and Takako Inoue vs. Manami Toyota and Sakie Hasegawa - AJW - August 30, 1995 - WWWA Champions Night",Kyoko Inoue and Takako Inoue vs. Manami Toyota and Sakie Hasegawa,"August 30, 1995",WWWA Champions Night,AJW,,,,
"Akira Hokuto vs. Manami Toyota - AJW - September 2, 1995 - Destiny",Akira Hokuto vs. Manami Toyota,"September 2, 1995",Destiny,AJW,,,,
"Rey Misterio Jr. vs. Psicosis - AAA - September 22, 1995 - Mexico City show",Rey Misterio Jr. vs. Psicosis,"September 22, 1995",Mexico City show,AAA,,,,
"Juventud Guerrera vs. Rey Misterio Jr. - ECW - March 9, 1996 - Big Ass Extreme Bash",Juventud Guerrera vs. Rey Misterio Jr.,"March 9, 1996",Big Ass Extreme Bash,ECW,,,,
"Mitsuharu Misawa and Jun Akiyama vs. The Holy Demon Army ( Toshiaki Kawada and Akira Taue ) - AJPW - May 23, 1996 - Super Power Series Night 5",Mitsuharu Misawa and Jun Akiyama vs. The Holy Demon Army ( Toshiaki Kawada and Akira Taue ),"May 23, 1996",Super Power Series Night 5,AJPW,,,,
"Jun Akiyama and Mitsuharu Misawa vs. Johnny Ace and Steve Williams - AJPW - June 7, 1996 - Super Power Series Night 15",Jun Akiyama and Mitsuharu Misawa vs. Johnny Ace and Steve Williams,"June 7, 1996",Super Power Series Night 15,AJPW,,,,
"Kaientai DX ( Dick Togo , Men's Teioh , Shiryu , Shoichi Funaki , and Taka Michinoku ) vs. Gran Hamada , Gran Naniwa , Masato Yakushiji, Super Delfin , and Tiger Mask IV - Michinoku Pro - October 10, 1996 - 3rd Anniversary - ""These Days""","Kaientai DX ( Dick Togo , Men's Teioh , Shiryu , Shoichi Funaki , and Taka Michinoku ) vs. Gran Hamada , Gran Naniwa , Masato Yakushiji, Super Delfin , and Tiger Mask IV","October 10, 1996","3rd Anniversary - ""These Days""",Michinoku Pro,,,,
"Holy Demon Army ( Toshiaki Kawada and Akira Taue ) vs. Jun Akiyama and Mitsuharu Misawa - AJPW - December 6, 1996 - Real World Tag League Night 16 (Final)",Holy Demon Army ( Toshiaki Kawada and Akira Taue ) vs. Jun Akiyama and Mitsuharu Misawa,"December 6, 1996",Real World Tag League Night 16 (Final),AJPW,,,,
"Kenta Kobashi vs. Mitsuharu Misawa - AJPW - January 20, 1997 - Super Power Series Night 14",Kenta Kobashi vs. Mitsuharu Misawa,"January 20, 1997",Super Power Series Night 14,AJPW,,,,
"Bret Hart vs. Stone Cold Steve Austin - WWF - March 23, 1997 - WrestleMania 13",Bret Hart vs. Stone Cold Steve Austin,"March 23, 1997",WrestleMania 13,WWF,,,,
"Koji Kanemoto vs. El Samurai - NJPW - June 5, 1997 - Best of the Super Juniors IV Night 17 (Final)",Koji Kanemoto vs. El Samurai,"June 5, 1997",Best of the Super Juniors IV Night 17 (Final),NJPW,,,,
"Mitsuharu Misawa vs. Toshiaki Kawada - AJPW - June 6, 1997 - Super Power Series Night 16",Mitsuharu Misawa vs. Toshiaki Kawada,"June 6, 1997",Super Power Series Night 16,AJPW,,,,
"Shawn Michaels vs. The Undertaker - WWF - October 5, 1997 - In Your House 18: Badd Blood",Shawn Michaels vs. The Undertaker,"October 5, 1997",In Your House 18: Badd Blood,WWF,,,,
"The Holy Demon Army ( Toshiaki Kawada and Akira Taue ) vs. Jun Akiyama and Mitsuharu Misawa - AJPW - December 5, 1997 - Real World Tag League Night 15 (Final)",The Holy Demon Army ( Toshiaki Kawada and Akira Taue ) vs. Jun Akiyama and Mitsuharu Misawa,"December 5, 1997",Real World Tag League Night 15 (Final),AJPW,,,,
"Kiyoshi Tamura vs. Tsuyoshi Kosaka - RINGS - June 27, 1998 - Fourth Fighting Integration",Kiyoshi Tamura vs. Tsuyoshi Kosaka,"June 27, 1998",Fourth Fighting Integration,RINGS,,,,
"Kenta Kobashi vs. Mitsuharu Misawa - AJPW - October 31, 1998 - 26th Anniversary Show",Kenta Kobashi vs. Mitsuharu Misawa,"October 31, 1998",26th Anniversary Show,AJPW,,,,
"Mitsuharu Misawa vs. Kenta Kobashi - AJPW - June 11, 1999 - Super Power Series Night 14",Mitsuharu Misawa vs. Kenta Kobashi,"June 11, 1999",Super Power Series Night 14,AJPW,,,,
"Mitsuharu Misawa and Yoshinari Ogawa vs. Burning ( Kenta Kobashi and Jun Akiyama ) - AJPW - October 23, 1999 - October Giant Series Night 11",Mitsuharu Misawa and Yoshinari Ogawa vs. Burning ( Kenta Kobashi and Jun Akiyama ),"October 23, 1999",October Giant Series Night 11,AJPW,,,,
"Masanobu Fuchi and Toshiaki Kawada vs. Takashi Iizuka and Yuji Nagata - NJPW - December 14, 2000 - The 2nd Judgement!!",Masanobu Fuchi and Toshiaki Kawada vs. Takashi Iizuka and Yuji Nagata,"December 14, 2000",The 2nd Judgement!!,NJPW,,,,
"Mitsuharu Misawa vs. Kenta Kobashi - Noah - March 1, 2003 - Navigate For Evolution",Mitsuharu Misawa vs. Kenta Kobashi,"March 1, 2003",Navigate For Evolution,Noah,,,,
"Kenta Kobashi vs. Jun Akiyama - Noah - July 10, 2004 - Departure",Kenta Kobashi vs. Jun Akiyama,"July 10, 2004",Departure,Noah,,,,
"Samoa Joe vs. CM Punk - ROH - October 16, 2004 - Joe vs. Punk II",Samoa Joe vs. CM Punk,"October 16, 2004",Joe vs. Punk II,ROH,,,,
"Christopher Daniels vs. AJ Styles vs. Samoa Joe - TNA - September 11, 2005 - Unbreakable",Christopher Daniels vs. AJ Styles vs. Samoa Joe,"September 11, 2005",Unbreakable,TNA,,,,
"Samoa Joe vs. Kenta Kobashi - ROH - October 1, 2005 - Joe vs. Kobashi",Samoa Joe vs. Kenta Kobashi,"October 1, 2005",Joe vs. Kobashi,ROH,,,,
"Cima , Masato Yoshino , and Naruki Doi vs. Dragon Kid , Genki Horiguchi , and Ryo Saito - ROH - March 31, 2006 - Supercard of Honor","Cima , Masato Yoshino , and Naruki Doi vs. Dragon Kid , Genki Horiguchi , and Ryo Saito","March 31, 2006",Supercard of Honor,ROH,,,,
"CM Punk vs. John Cena - WWE - July 17, 2011 - Money in the Bank",CM Punk vs. John Cena,"July 17, 2011",Money in the Bank,WWE,,,,
"Davey Richards vs. Michael Elgin - ROH - March 31, 2012 - Showdown in the Sun",Davey Richards vs. Michael Elgin,"March 31, 2012",Showdown in the Sun,ROH,,,,
"Hiroshi Tanahashi vs. Minoru Suzuki - NJPW - October 8, 2012 - King of Pro Wrestling",Hiroshi Tanahashi vs. Minoru Suzuki,"October 8, 2012",King of Pro Wrestling,NJPW,,,,
"Hiroshi Tanahashi vs. Kazuchika Okada - NJPW - April 7, 2013 - Invasion Attack",Hiroshi Tanahashi vs. Kazuchika Okada,"April 7, 2013",Invasion Attack,NJPW,,,,
"Katsuyori Shibata vs. Tomohiro Ishii - NJPW - August 4, 2013 - G1 Climax 23 Night 4",Katsuyori Shibata vs. Tomohiro Ishii,"August 4, 2013",G1 Climax 23 Night 4,NJPW,,,,
"Kazuchika Okada vs. Hiroshi Tanahashi - NJPW - October 14, 2013 - King of Pro Wrestling",Kazuchika Okada vs. Hiroshi Tanahashi,"October 14, 2013",King of Pro Wrestling,NJPW,,,,
"Hiroshi Tanahashi vs. Katsuyori Shibata - NJPW - September 21, 2014 - Destruction in Kobe",Hiroshi Tanahashi vs. Katsuyori Shibata,"September 21, 2014",Destruction in Kobe,NJPW,,,,
"Shinsuke Nakamura vs. Kota Ibushi - NJPW - January 4, 2015 - Wrestle Kingdom 9",Shinsuke Nakamura vs. Kota Ibushi,"January 4, 2015",Wrestle Kingdom 9,NJPW,,,,
"Tomoaki Honma vs. Tomohiro Ishii - NJPW - February 14, 2015 - The New Beginning in Sendai",Tomoaki Honma vs. Tomohiro Ishii,"February 14, 2015",The New Beginning in Sendai,NJPW,,,,
"Hiroshi Tanahashi vs. Shinsuke Nakamura - NJPW - August 16, 2015 - G1 Climax 25 Final",Hiroshi Tanahashi vs. Shinsuke Nakamura,"August 16, 2015",G1 Climax 25 Final,NJPW,,,,
"Masaaki Mochizuki vs. Shingo Takagi - DG - November 1, 2015 - Gate of Destiny",Masaaki Mochizuki vs. Shingo Takagi,"November 1, 2015",Gate of Destiny,DG,,,,
"Kazuchika Okada vs. Hiroshi Tanahashi - NJPW - January 4, 2016 - Wrestle Kingdom 10",Kazuchika Okada vs. Hiroshi Tanahashi,"January 4, 2016",Wrestle Kingdom 10,NJPW,,,,
"Kazuchika Okada vs. Tomohiro Ishii - NJPW - August 6, 2016 - G1 Climax 26 Night 13",Kazuchika Okada vs. Tomohiro Ishii,"August 6, 2016",G1 Climax 26 Night 13,NJPW,,,,
"Kenny Omega vs. Tetsuya Naito - NJPW - August 13, 2016 - G1 Climax 26 Night 18",Kenny Omega vs. Tetsuya Naito,"August 13, 2016",G1 Climax 26 Night 18,NJPW,,,,
"Superkliq ( Adam Cole , Matt Jackson , and Nick Jackson ) vs. Matt Sydal , Ricochet , and Will Ospreay - PWG - September 3, 2016 - Battle of Los Angeles Night 2","Superkliq ( Adam Cole , Matt Jackson , and Nick Jackson ) vs. Matt Sydal , Ricochet , and Will Ospreay","September 3, 2016",Battle of Los Angeles Night 2,PWG,,,,
"Kazuchika Okada vs. Kenny Omega - NJPW - January 4, 2017 - Wrestle Kingdom 11",Kazuchika Okada vs. Kenny Omega,"January 4, 2017",Wrestle Kingdom 11,NJPW,,,,
"Tetsuya Naito vs. Michael Elgin - NJPW - February 11, 2017 - The New Beginning in Osaka",Tetsuya Naito vs. Michael Elgin,"February 11, 2017",The New Beginning in Osaka,NJPW,,,,
"Kazuchika Okada vs. Katsuyori Shibata - NJPW - April 9, 2017 - Sakura Genesis",Kazuchika Okada vs. Katsuyori Shibata,"April 9, 2017",Sakura Genesis,NJPW,,,,
"Kushida vs. Will Ospreay - NJPW - June 3, 2017 - Best of the Super Juniors Final",Kushida vs. Will Ospreay,"June 3, 2017",Best of the Super Juniors Final,NJPW,,,,
"Kazuchika Okada vs. Kenny Omega - NJPW - June 11, 2017 - Dominion 6.11 in Osaka-jo Hall",Kazuchika Okada vs. Kenny Omega,"June 11, 2017",Dominion 6.11 in Osaka-jo Hall,NJPW,,,,
"Hiroshi Tanahashi vs. Tetsuya Naito - NJPW - August 11, 2017 - G1 Climax 27 Night 17",Hiroshi Tanahashi vs. Tetsuya Naito,"August 11, 2017",G1 Climax 27 Night 17,NJPW,,,,
"Kazuchika Okada vs. Kenny Omega - NJPW - August 12, 2017 - G1 Climax 27 Night 18",Kazuchika Okada vs. Kenny Omega,"August 12, 2017",G1 Climax 27 Night 18,NJPW,,,,
"Tetsuya Naito vs. Kenny Omega - NJPW - August 13, 2017 - G1 Climax 27 Final",Tetsuya Naito vs. Kenny Omega,"August 13, 2017",G1 Climax 27 Final,NJPW,,,,
"Donovan Dijak vs. Keith Lee - PWG - September 3, 2017 - Battle of Los Angeles Night 3",Donovan Dijak vs. Keith Lee,"September 3, 2017",Battle of Los Angeles Night 3,PWG,,,,
"Walter vs. Zack Sabre Jr. - PWG - October 21, 2017 - All Star Weekend 13 Night 2",Walter vs. Zack Sabre Jr.,"October 21, 2017",All Star Weekend 13 Night 2,PWG,,,,
"Kenny Omega vs. Chris Jericho - NJPW - January 4, 2018 - Wrestle Kingdom 12",Kenny Omega vs. Chris Jericho,"January 4, 2018",Wrestle Kingdom 12,NJPW,,,,
"Andrade ""Cien"" Almas vs. Johnny Gargano - WWE - January 27, 2018 - NXT TakeOver: Philadelphia","Andrade ""Cien"" Almas vs. Johnny Gargano","January 27, 2018",NXT TakeOver: Philadelphia,WWE,,,,
"Golden Lovers ( Kenny Omega and Kota Ibushi ) vs. The Young Bucks ( Matt Jackson and Nick Jackson ) - NJPW - March 25, 2018 - Strong Style Evolved",Golden Lovers ( Kenny Omega and Kota Ibushi ) vs. The Young Bucks ( Matt Jackson and Nick Jackson ),"March 25, 2018",Strong Style Evolved,NJPW,,,,
"Will Ospreay vs. Marty Scurll - NJPW - April 1, 2018 - Sakura Genesis",Will Ospreay vs. Marty Scurll,"April 1, 2018",Sakura Genesis,NJPW,,,,
"Adam Cole vs. EC3 vs. Killian Dain vs. Lars Sullivan vs. Ricochet vs. Velveteen Dream - WWE - April 7, 2018 - NXT TakeOver: New Orleans",Adam Cole vs. EC3 vs. Killian Dain vs. Lars Sullivan vs. Ricochet vs. Velveteen Dream,"April 7, 2018",NXT TakeOver: New Orleans,WWE,,,,
"Johnny Gargano vs. Tommaso Ciampa - WWE - April 7, 2018 - NXT TakeOver: New Orleans",Johnny Gargano vs. Tommaso Ciampa,"April 7, 2018",NXT TakeOver: New Orleans,WWE,,,,
"A-Kid vs. Zack Sabre Jr. - La Triple W - April 14, 2018 - Total Rumble 8",A-Kid vs. Zack Sabre Jr.,"April 14, 2018",Total Rumble 8,La Triple W,,,,
"Kazuchika Okada vs. Hiroshi Tanahashi - NJPW - May 4, 2018 - Wrestling Dontaku",Kazuchika Okada vs. Hiroshi Tanahashi,"May 4, 2018",Wrestling Dontaku,NJPW,,,,
"Taiji Ishimori vs. Hiromu Takahashi - NJPW - June 4, 2018 - Best of the Super Juniors Final",Taiji Ishimori vs. Hiromu Takahashi,"June 4, 2018",Best of the Super Juniors Final,NJPW,,,,
"Kazuchika Okada vs. Kenny Omega - NJPW - June 9, 2018 - Dominion 6.9 in Osaka-jo Hall",Kazuchika Okada vs. Kenny Omega,"June 9, 2018",Dominion 6.9 in Osaka-jo Hall,NJPW,,,,
"Moustache Mountain ( Trent Seven and Tyler Bate ) vs. The Undisputed Era ( Kyle O'Reilly and Roderick Strong ) - WWE - June 21, 2018 - NXT",Moustache Mountain ( Trent Seven and Tyler Bate ) vs. The Undisputed Era ( Kyle O'Reilly and Roderick Strong ),"June 21, 2018",NXT,WWE,,,,
"Kenny Omega vs. Tetsuya Naito - NJPW - July 15, 2018 - G1 Climax 28 Night 2",Kenny Omega vs. Tetsuya Naito,"July 15, 2018",G1 Climax 28 Night 2,NJPW,,,,
"Hirooki Goto vs. Kenny Omega - NJPW - July 19, 2018 - G1 Climax 28 Night 4",Hirooki Goto vs. Kenny Omega,"July 19, 2018",G1 Climax 28 Night 4,NJPW,,,,
"Hirooki Goto vs. Tomohiro Ishii - NJPW - July 21, 2018 - G1 Climax 28 Night 6",Hirooki Goto vs. Tomohiro Ishii,"July 21, 2018",G1 Climax 28 Night 6,NJPW,,,,
"Kenny Omega vs. Tomohiro Ishii - NJPW - August 4, 2018 - G1 Climax 28 Night 14",Kenny Omega vs. Tomohiro Ishii,"August 4, 2018",G1 Climax 28 Night 14,NJPW,,,,
"Hiroshi Tanahashi vs. Kazuchika Okada - NJPW - August 10, 2018 - G1 Climax 28 Night 17",Hiroshi Tanahashi vs. Kazuchika Okada,"August 10, 2018",G1 Climax 28 Night 17,NJPW,,,,
"Kenny Omega vs. Kota Ibushi - NJPW - August 11, 2018 - G1 Climax 28 Night 18",Kenny Omega vs. Kota Ibushi,"August 11, 2018",G1 Climax 28 Night 18,NJPW,,,,
"Hiroshi Tanahashi vs. Kota Ibushi - NJPW - August 12, 2018 - G1 Climax 28 Final",Hiroshi Tanahashi vs. Kota Ibushi,"August 12, 2018",G1 Climax 28 Final,NJPW,,,,
"Hiroshi Tanahashi vs. Kazuchika Okada - NJPW - September 23, 2018 - Destruction in Kobe",Hiroshi Tanahashi vs. Kazuchika Okada,"September 23, 2018",Destruction in Kobe,NJPW,,,,
"Chaos ( Kazuchika Okada and Tomohiro Ishii ) vs. Golden Lovers ( Kenny Omega and Kota Ibushi ) - NJPW - September 30, 2018 - Fighting Spirit Unleashed",Chaos ( Kazuchika Okada and Tomohiro Ishii ) vs. Golden Lovers ( Kenny Omega and Kota Ibushi ),"September 30, 2018",Fighting Spirit Unleashed,NJPW,,,,
"Hiroshi Tanahashi and Will Ospreay vs. Golden Lovers ( Kenny Omega and Kota Ibushi ) - NJPW - December 15, 2018 - Road to Tokyo Dome Night 2",Hiroshi Tanahashi and Will Ospreay vs. Golden Lovers ( Kenny Omega and Kota Ibushi ),"December 15, 2018",Road to Tokyo Dome Night 2,NJPW,,,,
"Kenny Omega vs. Hiroshi Tanahashi - NJPW - January 4, 2019 - Wrestle Kingdom 13",Kenny Omega vs. Hiroshi Tanahashi,"January 4, 2019",Wrestle Kingdom 13,NJPW,,,,
"Kazuchika Okada vs. Sanada - NJPW - March 24, 2019 - New Japan Cup Final",Kazuchika Okada vs. Sanada,"March 24, 2019",New Japan Cup Final,NJPW,,,,
"Adam Cole vs. Johnny Gargano - WWE - April 5, 2019 - NXT TakeOver: New York",Adam Cole vs. Johnny Gargano,"April 5, 2019",NXT TakeOver: New York,WWE,,,,
"Will Ospreay vs. Bandido - NJPW - May 23, 2019 - Best of the Super Juniors Night 8",Will Ospreay vs. Bandido,"May 23, 2019",Best of the Super Juniors Night 8,NJPW,,,,
"Cody Rhodes vs. Dustin Rhodes - AEW - May 25, 2019 - Double or Nothing",Cody Rhodes vs. Dustin Rhodes,"May 25, 2019",Double or Nothing,AEW,,,,
"Johnny Gargano vs. Adam Cole - WWE - June 1, 2019 - NXT TakeOver: XXV",Johnny Gargano vs. Adam Cole,"June 1, 2019",NXT TakeOver: XXV,WWE,,,,
"Shingo Takagi vs. Will Ospreay - NJPW - June 5, 2019 - Best of the Super Juniors Final",Shingo Takagi vs. Will Ospreay,"June 5, 2019",Best of the Super Juniors Final,NJPW,,,,
"Dragon Lee vs. Will Ospreay - NJPW - June 9, 2019 - Dominion 6.9 in Osaka-jo Hall",Dragon Lee vs. Will Ospreay,"June 9, 2019",Dominion 6.9 in Osaka-jo Hall,NJPW,,,,
"Kota Ibushi vs. Will Ospreay - NJPW - July 18, 2019 - G1 Climax 29 Night 5",Kota Ibushi vs. Will Ospreay,"July 18, 2019",G1 Climax 29 Night 5,NJPW,,,,
"Jon Moxley vs. Tomohiro Ishii - NJPW - July 19, 2019 - G1 Climax 29 Night 6",Jon Moxley vs. Tomohiro Ishii,"July 19, 2019",G1 Climax 29 Night 6,NJPW,,,,
"Kazuchika Okada vs. Will Ospreay - NJPW - July 20, 2019 - G1 Climax 29 Night 7",Kazuchika Okada vs. Will Ospreay,"July 20, 2019",G1 Climax 29 Night 7,NJPW,,,,
"Bandido , Flamita , and Rey Horus vs. Black Taurus , Laredo Kid , and Puma King - PWG - July 26, 2019 - Sixteen","Bandido , Flamita , and Rey Horus vs. Black Taurus , Laredo Kid , and Puma King","July 26, 2019",Sixteen,PWG,,,,
"Sanada vs. Kazuchika Okada - NJPW - August 3, 2019 - G1 Climax 29 Night 13",Sanada vs. Kazuchika Okada,"August 3, 2019",G1 Climax 29 Night 13,NJPW,,,,
"Tetsuya Naito vs. Shingo Takagi - NJPW - August 4, 2019 - G1 Climax 29 Night 14",Tetsuya Naito vs. Shingo Takagi,"August 4, 2019",G1 Climax 29 Night 14,NJPW,,,,
"Shingo Takagi vs. Tomohiro Ishii - NJPW - August 8, 2019 - G1 Climax 29 Night 16",Shingo Takagi vs. Tomohiro Ishii,"August 8, 2019",G1 Climax 29 Night 16,NJPW,,,,
"Kota Ibushi vs. Kazuchika Okada - NJPW - August 10, 2019 - G1 Climax 29 Night 17",Kota Ibushi vs. Kazuchika Okada,"August 10, 2019",G1 Climax 29 Night 17,NJPW,,,,
"Kota Ibushi vs. Jay White - NJPW - August 12, 2019 - G1 Climax 29 Final",Kota Ibushi vs. Jay White,"August 12, 2019",G1 Climax 29 Final,NJPW,,,,
"Walter vs. Tyler Bate - WWE - August 31, 2019 - NXT UK TakeOver: Cardiff",Walter vs. Tyler Bate,"August 31, 2019",NXT UK TakeOver: Cardiff,WWE,,,,
"Lucha Brothers ( Pentagón Jr. and Rey Fenix ) vs. The Young Bucks ( Matt Jackson and Nick Jackson ) - AEW - August 31, 2019 - All Out",Lucha Brothers ( Pentagón Jr. and Rey Fenix ) vs. The Young Bucks ( Matt Jackson and Nick Jackson ),"August 31, 2019",All Out,AEW,,,,
"Bandido vs. Dragon Lee - PWG - September 22, 2019 - Battle of Los Angeles Night 3",Bandido vs. Dragon Lee,"September 22, 2019",Battle of Los Angeles Night 3,PWG,,,,
"David Starr vs. Jordan Devlin - OTT - October 26, 2019 - 5th Year Anniversary",David Starr vs. Jordan Devlin,"October 26, 2019",5th Year Anniversary,OTT,,,,
"Will Ospreay vs. Hiromu Takahashi - NJPW - January 4, 2020 - Wrestle Kingdom 14 Night 1",Will Ospreay vs. Hiromu Takahashi,"January 4, 2020",Wrestle Kingdom 14 Night 1,NJPW,,,,
"Kazuchika Okada vs. Kota Ibushi - NJPW - January 4, 2020 - Wrestle Kingdom 14 Night 1",Kazuchika Okada vs. Kota Ibushi,"January 4, 2020",Wrestle Kingdom 14 Night 1,NJPW,,,,
"Kazuchika Okada vs. Tetsuya Naito - NJPW - January 5, 2020 - Wrestle Kingdom 14 Night 2",Kazuchika Okada vs. Tetsuya Naito,"January 5, 2020",Wrestle Kingdom 14 Night 2,NJPW,,,,
"Will Ospreay vs. Zack Sabre Jr. - RevPro - February 14, 2020 - High Stakes",Will Ospreay vs. Zack Sabre Jr.,"February 14, 2020",High Stakes,RevPro,,,,
"Kenny Omega and ""Hangman"" Adam Page vs. The Young Bucks ( Matt Jackson and Nick Jackson ) - AEW - February 29, 2020 - Revolution","Kenny Omega and ""Hangman"" Adam Page vs. The Young Bucks ( Matt Jackson and Nick Jackson )","February 29, 2020",Revolution,AEW,,,,
"Best Friends ( Chuck Taylor and Trent ) vs. Santana and Ortiz - AEW - September 16, 2020 - Dynamite",Best Friends ( Chuck Taylor and Trent ) vs. Santana and Ortiz,"September 16, 2020",Dynamite,AEW,,,,
"Shingo Takagi vs. Will Ospreay - NJPW - September 27, 2020 - G1 Climax 30 Night 5",Shingo Takagi vs. Will Ospreay,"September 27, 2020",G1 Climax 30 Night 5,NJPW,,,,
"Kota Ibushi vs. Minoru Suzuki - NJPW - October 10, 2020 - G1 Climax 30 Night 13",Kota Ibushi vs. Minoru Suzuki,"October 10, 2020",G1 Climax 30 Night 13,NJPW,,,,
"Kazuchika Okada vs. Shingo Takagi - NJPW - October 10, 2020 - G1 Climax 30 Night 13",Kazuchika Okada vs. Shingo Takagi,"October 10, 2020",G1 Climax 30 Night 13,NJPW,,,,
"Walter vs. Ilja Dragunov - WWE - October 29, 2020 - NXT UK",Walter vs. Ilja Dragunov,"October 29, 2020",NXT UK,WWE,,,,
"The Young Bucks ( Matt Jackson and Nick Jackson ) vs. FTR ( Cash Wheeler and Dax Harwood ) - AEW - November 7, 2020 - Full Gear",The Young Bucks ( Matt Jackson and Nick Jackson ) vs. FTR ( Cash Wheeler and Dax Harwood ),"November 7, 2020",Full Gear,AEW,,,,
"Go Shiozaki vs. Takashi Sugiura - Noah - December 6, 2020 - The BEST ~Final Chronicle 2020~",Go Shiozaki vs. Takashi Sugiura,"December 6, 2020",The BEST ~Final Chronicle 2020~,Noah,,,,
"Kazuchika Okada vs. Will Ospreay - NJPW - January 4, 2021 - Wrestle Kingdom 15 Night 1",Kazuchika Okada vs. Will Ospreay,"January 4, 2021",Wrestle Kingdom 15 Night 1,NJPW,,,,
"Tetsuya Naito vs. Kota Ibushi - NJPW - January 4, 2021 - Wrestle Kingdom 15 Night 1",Tetsuya Naito vs. Kota Ibushi,"January 4, 2021",Wrestle Kingdom 15 Night 1,NJPW,,,,
"Shingo Takagi vs. Jeff Cobb - NJPW - January 5, 2021 - Wrestle Kingdom 15 Night 2",Shingo Takagi vs. Jeff Cobb,"January 5, 2021",Wrestle Kingdom 15 Night 2,NJPW,,,,
"Kota Ibushi vs. Jay White - NJPW - January 5, 2021 - Wrestle Kingdom 15 Night 2",Kota Ibushi vs. Jay White,"January 5, 2021",Wrestle Kingdom 15 Night 2,NJPW,,,,
"Kenny Omega vs. Rey Fenix - AEW - January 6, 2021 - Dynamite New Year's Smash : Night 1",Kenny Omega vs. Rey Fenix,"January 6, 2021",Dynamite New Year's Smash : Night 1,AEW,,,,
"Hiroshi Tanahashi vs. Shingo Takagi - NJPW - January 30, 2021 - The New Beginning in Nagoya",Hiroshi Tanahashi vs. Shingo Takagi,"January 30, 2021",The New Beginning in Nagoya,NJPW,,,,
"Will Ospreay vs. Zack Sabre Jr. - NJPW - March 14, 2021 - New Japan Cup Night 8",Will Ospreay vs. Zack Sabre Jr.,"March 14, 2021",New Japan Cup Night 8,NJPW,,,,
"Will Ospreay vs. Shingo Takagi - NJPW - March 21, 2021 - New Japan Cup Night 13 (Final)",Will Ospreay vs. Shingo Takagi,"March 21, 2021",New Japan Cup Night 13 (Final),NJPW,,,,
"The Young Bucks ( Matt Jackson and Nick Jackson ) vs. Death Triangle ( Pac and Rey Fenix ) - AEW - April 8, 2021 - Dynamite",The Young Bucks ( Matt Jackson and Nick Jackson ) vs. Death Triangle ( Pac and Rey Fenix ),"April 8, 2021",Dynamite,AEW,,,,
"Will Ospreay vs. Shingo Takagi - NJPW - May 4, 2021 - Wrestling Dontaku 2021 Night 2",Will Ospreay vs. Shingo Takagi,"May 4, 2021",Wrestling Dontaku 2021 Night 2,NJPW,,,,
"Syuri vs. Utami Hayashishita - Stardom - June 12, 2021 - Tokyo Dream Cinderella",Syuri vs. Utami Hayashishita,"June 12, 2021",Tokyo Dream Cinderella,Stardom,,,,
"Hiroshi Tanahashi vs. Shingo Takagi - NJPW - July 25, 2021 - Wrestle Grand Slam in Tokyo Dome",Hiroshi Tanahashi vs. Shingo Takagi,"July 25, 2021",Wrestle Grand Slam in Tokyo Dome,NJPW,,,,
"Ilja Dragunov vs. Walter - WWE - August 22, 2021 - NXT TakeOver 36",Ilja Dragunov vs. Walter,"August 22, 2021",NXT TakeOver 36,WWE,,,,
"The Young Bucks ( Matt Jackson and Nick Jackson ) vs. Lucha Brothers ( Pentagón Jr. and Rey Fenix ) - AEW - September 5, 2021 - All Out",The Young Bucks ( Matt Jackson and Nick Jackson ) vs. Lucha Brothers ( Pentagón Jr. and Rey Fenix ),"September 5, 2021",All Out,AEW,,,,
"Tomohiro Ishii vs. Shingo Takagi - NJPW - September 18, 2021 - G1 Climax 31 Night 1",Tomohiro Ishii vs. Shingo Takagi,"September 18, 2021",G1 Climax 31 Night 1,NJPW,,,,
"Bryan Danielson vs. Kenny Omega - AEW - September 22, 2021 - Dynamite Grand Slam : Night 1",Bryan Danielson vs. Kenny Omega,"September 22, 2021",Dynamite Grand Slam : Night 1,AEW,,,,
"Lucha Brothers ( Pentagón Jr. and Fénix ) vs. Jinetes del Aire ( El Hijo del Vikingo and Laredo Kid ) - AAA - October 9, 2021 - Héroes Inmortales XIV",Lucha Brothers ( Pentagón Jr. and Fénix ) vs. Jinetes del Aire ( El Hijo del Vikingo and Laredo Kid ),"October 9, 2021",Héroes Inmortales XIV,AAA,,,,
"Superkliq ( Adam Cole , Matt Jackson and Nick Jackson ) vs. Christian Cage and Jurassic Express ( Jungle Boy and Luchasaurus ) - AEW - November 13, 2021 - Full Gear","Superkliq ( Adam Cole , Matt Jackson and Nick Jackson ) vs. Christian Cage and Jurassic Express ( Jungle Boy and Luchasaurus )","November 13, 2021",Full Gear,AEW,,,,
"Kenny Omega vs. ""Hangman"" Adam Page - AEW - November 13, 2021 - Full Gear","Kenny Omega vs. ""Hangman"" Adam Page","November 13, 2021",Full Gear,AEW,,,,
"""Hangman"" Adam Page vs. Bryan Danielson - AEW - December 15, 2021 - Dynamite Winter Is Coming","""Hangman"" Adam Page vs. Bryan Danielson","December 15, 2021",Dynamite Winter Is Coming,AEW,,,,
"Kazuchika Okada vs. Will Ospreay - NJPW - January 5, 2022 - Wrestle Kingdom 16 Night 2",Kazuchika Okada vs. Will Ospreay,"January 5, 2022",Wrestle Kingdom 16 Night 2,NJPW,,,,
"Cody Rhodes vs. Sammy Guevara - AEW - January 26, 2022 - Dynamite Beach Break",Cody Rhodes vs. Sammy Guevara,"January 26, 2022",Dynamite Beach Break,AEW,,,,
"Will Ospreay vs. Michael Oku - RevPro - January 29, 2022 - High Stakes",Will Ospreay vs. Michael Oku,"January 29, 2022",High Stakes,RevPro,,,,
"Will Ospreay vs. Zack Sabre Jr. - NJPW - March 21, 2022 - New Japan Cup Night 13",Will Ospreay vs. Zack Sabre Jr.,"March 21, 2022",New Japan Cup Night 13,NJPW,,,,
"Shingo Takagi vs. Zack Sabre Jr. - NJPW - March 26, 2022 - New Japan Cup Night 14",Shingo Takagi vs. Zack Sabre Jr.,"March 26, 2022",New Japan Cup Night 14,NJPW,,,,
"Briscoe Brothers ( Jay Briscoe and Mark Briscoe ) vs. FTR ( Cash Wheeler and Dax Harwood ) - ROH - April 1, 2022 - Supercard of Honor XV",Briscoe Brothers ( Jay Briscoe and Mark Briscoe ) vs. FTR ( Cash Wheeler and Dax Harwood ),"April 1, 2022",Supercard of Honor XV,ROH,,,,
"Jericho Appreciation Society ( Chris Jericho , Daniel Garcia , Jake Hager , Angelo Parker and Matt Menard ) vs. Blackpool Combat Club ( Bryan Danielson and Jon Moxley ) , Eddie Kingston , and Santana and Ortiz - AEW - May 29, 2022 - Double or Nothing","Jericho Appreciation Society ( Chris Jericho , Daniel Garcia , Jake Hager , Angelo Parker and Matt Menard ) vs. Blackpool Combat Club ( Bryan Danielson and Jon Moxley ) , Eddie Kingston , and Santana and Ortiz","May 29, 2022",Double or Nothing,AEW,,,,
"The Young Bucks ( Matt Jackson and Nick Jackson ) vs. Lucha Brothers ( Penta Oscuro and Rey Fenix ) - AEW - June 3, 2022 - Rampage",The Young Bucks ( Matt Jackson and Nick Jackson ) vs. Lucha Brothers ( Penta Oscuro and Rey Fenix ),"June 3, 2022",Rampage,AEW,,,,
"Cody Rhodes vs. Seth ""Freakin"" Rollins - WWE - June 5, 2022 - Hell in a Cell","Cody Rhodes vs. Seth ""Freakin"" Rollins","June 5, 2022",Hell in a Cell,WWE,,,,
"FTR ( Cash Wheeler and Dax Harwood ) vs. Briscoe Brothers ( Jay Briscoe and Mark Briscoe ) - ROH - July 23, 2022 - Death Before Dishonor",FTR ( Cash Wheeler and Dax Harwood ) vs. Briscoe Brothers ( Jay Briscoe and Mark Briscoe ),"July 23, 2022",Death Before Dishonor,ROH,,,,
"Shingo Takagi vs. Will Ospreay - NJPW - August 6, 2022 - G1 Climax 32 Night 12",Shingo Takagi vs. Will Ospreay,"August 6, 2022",G1 Climax 32 Night 12,NJPW,,,,
"Kazuchika Okada vs. Will Ospreay - NJPW - August 18, 2022 - G1 Climax 32 Night 20 (Final)",Kazuchika Okada vs. Will Ospreay,"August 18, 2022",G1 Climax 32 Night 20 (Final),NJPW,,,,
"Will Ospreay vs. Ricky Knight Jr. - RevPro - August 21, 2022 - Tenth Anniversary Night 2",Will Ospreay vs. Ricky Knight Jr.,"August 21, 2022",Tenth Anniversary Night 2,RevPro,,,,
"United Empire ( Will Ospreay , Kyle Fletcher and Mark Davis ) vs. Death Triangle ( Pac , Penta El Zero M and Rey Fenix ) - AEW - August 24, 2022 - Dynamite","United Empire ( Will Ospreay , Kyle Fletcher and Mark Davis ) vs. Death Triangle ( Pac , Penta El Zero M and Rey Fenix )","August 24, 2022",Dynamite,AEW,,,,
"Gunther vs. Sheamus - WWE - September 3, 2022 - Clash at the Castle",Gunther vs. Sheamus,"September 3, 2022",Clash at the Castle,WWE,,,,
"FTR ( Cash Wheeler and Dax Harwood ) vs. Aussie Open ( Kyle Fletcher and Mark Davis ) - NJPW - October 2, 2022 - Royal Quest II Day 1",FTR ( Cash Wheeler and Dax Harwood ) vs. Aussie Open ( Kyle Fletcher and Mark Davis ),"October 2, 2022",Royal Quest II Day 1,NJPW,,,,
"Rey Fenix vs. El Hijo del Vikingo - AAA - October 15, 2022 - Triplemanía XXX",Rey Fenix vs. El Hijo del Vikingo,"October 15, 2022",Triplemanía XXX,AAA,,,,
"Laredo Kid vs. El Hijo del Vikingo - AAA - October 23, 2022 - Showcenter",Laredo Kid vs. El Hijo del Vikingo,"October 23, 2022",Showcenter,AAA,,,,
"Will Ospreay vs. Tetsuya Naito - NJPW - November 5, 2022 - Battle Autumn '22",Will Ospreay vs. Tetsuya Naito,"November 5, 2022",Battle Autumn '22,NJPW,,,,
"FTR ( Cash Wheeler and Dax Harwood ) vs. Briscoe Brothers ( Jay Briscoe and Mark Briscoe ) - ROH - December 10, 2022 - Final Battle",FTR ( Cash Wheeler and Dax Harwood ) vs. Briscoe Brothers ( Jay Briscoe and Mark Briscoe ),"December 10, 2022",Final Battle,ROH,,,,
"Shingo Takagi vs. Taichi - JTO - December 19, 2022 - 50th Anniversary for TAKATaichi Together",Shingo Takagi vs. Taichi,"December 19, 2022",50th Anniversary for TAKATaichi Together,JTO,,,,
"Will Ospreay vs. Kenny Omega - NJPW - January 4, 2023 - Wrestle Kingdom 17 Night 1",Will Ospreay vs. Kenny Omega,"January 4, 2023",Wrestle Kingdom 17 Night 1,NJPW,,,,
"Death Triangle ( Pac , Penta El Zero M and Rey Fenix ) vs. The Elite ( Kenny Omega , Matt Jackson and Nick Jackson ) - AEW - January 11, 2023 - Dynamite","Death Triangle ( Pac , Penta El Zero M and Rey Fenix ) vs. The Elite ( Kenny Omega , Matt Jackson and Nick Jackson )","January 11, 2023",Dynamite,AEW,,,,
"""Hangman"" Adam Page vs. Jon Moxley - AEW - March 5, 2023 - Revolution","""Hangman"" Adam Page vs. Jon Moxley","March 5, 2023",Revolution,AEW,,,,
"MJF vs. Bryan Danielson - AEW - March 5, 2023 - Revolution",MJF vs. Bryan Danielson,"March 5, 2023",Revolution,AEW,,,,
"Kenny Omega vs. El Hijo del Vikingo - AEW - March 22, 2023 - Dynamite",Kenny Omega vs. El Hijo del Vikingo,"March 22, 2023",Dynamite,AEW,,,,
"Kevin Owens and Sami Zayn vs. The Usos ( Jey Uso and Jimmy Uso ) - WWE - April 1, 2023 - WrestleMania 39 Night 1",Kevin Owens and Sami Zayn vs. The Usos ( Jey Uso and Jimmy Uso ),"April 1, 2023",WrestleMania 39 Night 1,WWE,,,,
"Gunther vs. Drew McIntyre vs. Sheamus - WWE - April 2, 2023 - WrestleMania 39 Night 2",Gunther vs. Drew McIntyre vs. Sheamus,"April 2, 2023",WrestleMania 39 Night 2,WWE,,,,
"Shingo Takagi vs. Aaron Henare - NJPW - April 2, 2023 - Road to Sakura Genesis",Shingo Takagi vs. Aaron Henare,"April 2, 2023",Road to Sakura Genesis,NJPW,,,,
"Master Wato vs. Titán - NJPW - May 28, 2023 - Best of the Super Juniors Finals",Master Wato vs. Titán,"May 28, 2023",Best of the Super Juniors Finals,NJPW,,,,
"Blackpool Combat Club ( Jon Moxley , Bryan Danielson , Claudio Castagnoli and Wheeler Yuta ) vs. The Elite ( Kenny Omega , Matt Jackson , Nick Jackson and ""Hangman"" Adam Page ) - AEW - May 28, 2023 - Double or Nothing","Blackpool Combat Club ( Jon Moxley , Bryan Danielson , Claudio Castagnoli and Wheeler Yuta ) vs. The Elite ( Kenny Omega , Matt Jackson , Nick Jackson and ""Hangman"" Adam Page )","May 28, 2023",Double or Nothing,AEW,,,,
"Blackpool Combat Club ( Jon Moxley and Claudio Castagnoli ) and Shota Umino vs. Chaos ( Kazuchika Okada and Tomohiro Ishii ) and Hiroshi Tanahashi - NJPW - June 4, 2023 - Dominion 6.4 in Osaka-jo Hall",Blackpool Combat Club ( Jon Moxley and Claudio Castagnoli ) and Shota Umino vs. Chaos ( Kazuchika Okada and Tomohiro Ishii ) and Hiroshi Tanahashi,"June 4, 2023",Dominion 6.4 in Osaka-jo Hall,NJPW,,,,
"Kenny Omega vs. Will Ospreay - AEW/NJPW - June 25, 2023 - Forbidden Door",Kenny Omega vs. Will Ospreay,"June 25, 2023",Forbidden Door,AEW/NJPW,,,,
"Kento Miyahara vs. Katsuhiko Nakajima - Noah - July 15, 2023 - One Night Dream",Kento Miyahara vs. Katsuhiko Nakajima,"July 15, 2023",One Night Dream,Noah,,,,
"FTR ( Cash Wheeler and Dax Harwood ) vs. Bullet Club Gold ( Jay White and Juice Robinson ) - AEW - July 15, 2023 - Collision",FTR ( Cash Wheeler and Dax Harwood ) vs. Bullet Club Gold ( Jay White and Juice Robinson ),"July 15, 2023",Collision,AEW,,,,
"Tetsuya Naito vs. Will Ospreay - NJPW - August 12, 2023 - G1 Climax 33 Night 18",Tetsuya Naito vs. Will Ospreay,"August 12, 2023",G1 Climax 33 Night 18,NJPW,,,,
"Tetsuya Naito vs. Kazuchika Okada - NJPW - August 13, 2023 - G1 Climax 33 Night 19",Tetsuya Naito vs. Kazuchika Okada,"August 13, 2023",G1 Climax 33 Night 19,NJPW,,,,
"Will Ospreay vs. Shingo Takagi - RevPro - August 26, 2023 - 11th Anniversary",Will Ospreay vs. Shingo Takagi,"August 26, 2023",11th Anniversary,RevPro,,,,
"Bryan Danielson vs. Ricky Starks - AEW - September 3, 2023 - All Out",Bryan Danielson vs. Ricky Starks,"September 3, 2023",All Out,AEW,,,,
"Kenny Omega vs. Konosuke Takeshita - AEW - September 3, 2023 - All Out",Kenny Omega vs. Konosuke Takeshita,"September 3, 2023",All Out,AEW,,,,
"Will Ospreay vs. Yota Tsuji - NJPW - September 24, 2023 - Destruction in Kobe",Will Ospreay vs. Yota Tsuji,"September 24, 2023",Destruction in Kobe,NJPW,,,,
"Bryan Danielson vs. Zack Sabre Jr. - AEW - October 1, 2023 - WrestleDream",Bryan Danielson vs. Zack Sabre Jr.,"October 1, 2023",WrestleDream,AEW,,,,
"Will Ospreay vs. Zack Sabre Jr. - NJPW - October 14, 2023 - Royal Quest III",Will Ospreay vs. Zack Sabre Jr.,"October 14, 2023",Royal Quest III,NJPW,,,,
"""Speedball"" Mike Bailey vs. Will Ospreay - Impact - October 21, 2023 - Bound for Glory","""Speedball"" Mike Bailey vs. Will Ospreay","October 21, 2023",Bound for Glory,Impact,,,,
"Will Ospreay vs. Shota Umino - NJPW - November 4, 2023 - Power Struggle",Will Ospreay vs. Shota Umino,"November 4, 2023",Power Struggle,NJPW,,,,
"Katsuhiko Nakajima vs. Yuma Aoyagi - AJPW - November 5, 2023 - Giant Series 2023: Hokkaido Edition Day 6 (Evening Show)",Katsuhiko Nakajima vs. Yuma Aoyagi,"November 5, 2023",Giant Series 2023: Hokkaido Edition Day 6 (Evening Show),AJPW,,,,
"Swerve Strickland vs. ""Hangman"" Adam Page - AEW - November 18, 2023 - Full Gear","Swerve Strickland vs. ""Hangman"" Adam Page","November 18, 2023",Full Gear,AEW,,,,
"Katsuhiko Nakajima vs. Kento Miyahara - AJPW - December 31, 2023 - ManiaX",Katsuhiko Nakajima vs. Kento Miyahara,"December 31, 2023",ManiaX,AJPW,,,,
"Kazuchika Okada vs. Bryan Danielson - NJPW - January 4, 2024 - Wrestle Kingdom 18",Kazuchika Okada vs. Bryan Danielson,"January 4, 2024",Wrestle Kingdom 18,NJPW,,,,
"Máscara Dorada vs. Templario - CMLL - January 5, 2024 - Super Viernes",Máscara Dorada vs. Templario,"January 5, 2024",Super Viernes,CMLL,,,,
"Jon Moxley vs. Shingo Takagi - NJPW - January 13, 2024 - Battle in the Valley",Jon Moxley vs. Shingo Takagi,"January 13, 2024",Battle in the Valley,NJPW,,,,
"Kazuchika Okada vs. Will Ospreay - NJPW - January 13, 2024 - Battle in the Valley",Kazuchika Okada vs. Will Ospreay,"January 13, 2024",Battle in the Valley,NJPW,,,,
"Josh Alexander vs. Will Ospreay - TNA - January 14, 2024 - Impact!",Josh Alexander vs. Will Ospreay,"January 14, 2024",Impact!,TNA,,,,
"Zack Sabre Jr. vs. Bryan Danielson - NJPW - February 11, 2024 - The New Beginning in Osaka",Zack Sabre Jr. vs. Bryan Danielson,"February 11, 2024",The New Beginning in Osaka,NJPW,,,,
"Michael Oku vs. Will Ospreay - RevPro - February 18, 2024 - High Stakes",Michael Oku vs. Will Ospreay,"February 18, 2024",High Stakes,RevPro,,,,
"Will Ospreay vs. Konosuke Takeshita - AEW - March 3, 2024 - Revolution",Will Ospreay vs. Konosuke Takeshita,"March 3, 2024",Revolution,AEW,,,,
"Will Ospreay vs. Kyle Fletcher - AEW - March 6, 2024 - Dynamite",Will Ospreay vs. Kyle Fletcher,"March 6, 2024",Dynamite,AEW,,,,
"Will Ospreay vs. Bryan Danielson - AEW - April 21, 2024 - Dynasty",Will Ospreay vs. Bryan Danielson,"April 21, 2024",Dynasty,AEW,,,,
"Cody Rhodes vs. AJ Styles - WWE - May 4, 2024 - Backlash",Cody Rhodes vs. AJ Styles,"May 4, 2024",Backlash,WWE,,,,
"Masa Kitamiya vs. Tomohiro Ishii - Noah - May 22, 2024 - One Night Dream 2",Masa Kitamiya vs. Tomohiro Ishii,"May 22, 2024",One Night Dream 2,Noah,,,,
"Hechicero vs. Zack Sabre Jr. - CMLL - June 22, 2024 - Sabados de Coliseo",Hechicero vs. Zack Sabre Jr.,"June 22, 2024",Sabados de Coliseo,CMLL,,,,
"Swerve Strickland vs. Will Ospreay - AEW/NJPW - June 30, 2024 - Forbidden Door",Swerve Strickland vs. Will Ospreay,"June 30, 2024",Forbidden Door,AEW/NJPW,,,,
"MJF vs. Will Ospreay - AEW - July 17, 2024 - Dynamite 250",MJF vs. Will Ospreay,"July 17, 2024",Dynamite 250,AEW,,,,
"Konosuke Takeshita vs. El Phantasmo - NJPW - August 7, 2024 - G1 Climax 34 Night 12",Konosuke Takeshita vs. El Phantasmo,"August 7, 2024",G1 Climax 34 Night 12,NJPW,,,,
"Will Ospreay vs. MJF - AEW - August 25, 2024 - All In",Will Ospreay vs. MJF,"August 25, 2024",All In,AEW,,,,
"Bryan Danielson vs. Swerve Strickland - AEW - August 25, 2024 - All In",Bryan Danielson vs. Swerve Strickland,"August 25, 2024",All In,AEW,,,,
"Will Ospreay vs. Pac - AEW - September 7, 2024 - All Out",Will Ospreay vs. Pac,"September 7, 2024",All Out,AEW,,,,
"CM Punk vs. Drew McIntyre - WWE - October 5, 2024 - Bad Blood",CM Punk vs. Drew McIntyre,"October 5, 2024",Bad Blood,WWE,,,,
"Konosuke Takeshita vs. Will Ospreay vs. Ricochet - AEW - October 12, 2024 - WrestleDream",Konosuke Takeshita vs. Will Ospreay vs. Ricochet,"October 12, 2024",WrestleDream,AEW,,,,
"Konosuke Takeshita vs. ""Speedball"" Mike Bailey - MLP - October 19, 2024 - Forged in Excellence Night 1","Konosuke Takeshita vs. ""Speedball"" Mike Bailey","October 19, 2024",Forged in Excellence Night 1,MLP,,,,
"Zack Sabre Jr. vs. Shingo Takagi - NJPW - November 4, 2024 - Power Struggle",Zack Sabre Jr. vs. Shingo Takagi,"November 4, 2024",Power Struggle,NJPW,,,,
"Kyle Fletcher vs. Will Ospreay - AEW - November 23, 2024 - Full Gear",Kyle Fletcher vs. Will Ospreay,"November 23, 2024",Full Gear,AEW,,,,
"Darby Allin vs. Will Ospreay - AEW - December 18, 2024 - Dynamite Holiday Bash",Darby Allin vs. Will Ospreay,"December 18, 2024",Dynamite Holiday Bash,AEW,,,,
"Will Ospreay vs. Kyle Fletcher - AEW - December 28, 2024 - Worlds End",Will Ospreay vs. Kyle Fletcher,"December 28, 2024",Worlds End,AEW,,,,
"Kazuchika Okada vs. Will Ospreay - AEW - December 28, 2024 - Worlds End",Kazuchika Okada vs. Will Ospreay,"December 28, 2024",Worlds End,AEW,,,,
"Kenny Omega vs. Gabe Kidd - AEW/CMLL/ NJPW/ROH/ Stardom - January 5, 2025 - Wrestle Dynasty",Kenny Omega vs. Gabe Kidd,"January 5, 2025",Wrestle Dynasty,AEW/CMLL/ NJPW/ROH/ Stardom,,,,
"Cosmic Angels ( Saori Anou , Tam Nakano and Natsupoi ) vs. Neo Genesis ( AZM , Starlight Kid and Miyu Amasaki ) - Stardom - February 2, 2025 - Supreme Fight","Cosmic Angels ( Saori Anou , Tam Nakano and Natsupoi ) vs. Neo Genesis ( AZM , Starlight Kid and Miyu Amasaki )","February 2, 2025",Supreme Fight,Stardom,,,,
"Yota Tsuji vs. Gabe Kidd - NJPW - February 11, 2025 - The New Beginning in Osaka",Yota Tsuji vs. Gabe Kidd,"February 11, 2025",The New Beginning in Osaka,NJPW,,,,
"Kenny Omega and Will Ospreay vs. Don Callis Family ( Konosuke Takeshita and Kyle Fletcher ) - AEW - February 15, 2025 - Grand Slam Australia",Kenny Omega and Will Ospreay vs. Don Callis Family ( Konosuke Takeshita and Kyle Fletcher ),"February 15, 2025",Grand Slam Australia,AEW,,,,
"Kevin Owens vs. Sami Zayn - WWE - March 1, 2025 - Elimination Chamber",Kevin Owens vs. Sami Zayn,"March 1, 2025",Elimination Chamber,WWE,,,,
"Saya Kamitani vs. Tam Nakano - Stardom - March 3, 2025 - Stardom Nighter in Korakuen",Saya Kamitani vs. Tam Nakano,"March 3, 2025",Stardom Nighter in Korakuen,Stardom,,,,
"Toni Storm vs. Mariah May - AEW - March 9, 2025 - Revolution",Toni Storm vs. Mariah May,"March 9, 2025",Revolution,AEW,,,,
"Kenny Omega vs. Konosuke Takeshita - AEW - March 9, 2025 - Revolution",Kenny Omega vs. Konosuke Takeshita,"March 9, 2025",Revolution,AEW,,,,
"Will Ospreay vs. Kyle Fletcher - AEW - March 9, 2025 - Revolution",Will Ospreay vs. Kyle Fletcher,"March 9, 2025",Revolution,AEW,,,,
"Will Ospreay vs. Konosuke Takeshita - AEW - April 16, 2025 - Dynamite Spring BreakThru",Will Ospreay vs. Konosuke Takeshita,"April 16, 2025",Dynamite Spring BreakThru,AEW,,,,
"Iyo Sky vs. Rhea Ripley vs. Bianca Belair - WWE - April 20, 2025 - WrestleMania 41 Night 2",Iyo Sky vs. Rhea Ripley vs. Bianca Belair,"April 20, 2025",WrestleMania 41 Night 2,WWE,,,,
"Street Profits ( Angelo Dawkins and Montez Ford ) vs. DIY ( Johnny Gargano and Tommaso Ciampa ) vs. Motor City Machine Guns ( Alex Shelley and Chris Sabin ) - WWE - April 25, 2025 - SmackDown",Street Profits ( Angelo Dawkins and Montez Ford ) vs. DIY ( Johnny Gargano and Tommaso Ciampa ) vs. Motor City Machine Guns ( Alex Shelley and Chris Sabin ),"April 25, 2025",SmackDown,WWE,,,,
"Saya Kamitani vs. Tam Nakano - Stardom - April 27, 2025 - All Star Grand Queendom",Saya Kamitani vs. Tam Nakano,"April 27, 2025",All Star Grand Queendom,Stardom,,,,
"Kenny Omega , Willow Nightingale , Swerve Strickland and The Opps ( Samoa Joe , Powerhouse Hobbs and Katsuyori Shibata ) vs. Death Riders ( Jon Moxley , Claudio Castagnoli , Marina Shafir and Wheeler Yuta ) and The Young Bucks ( Matthew Jackson and Nicholas Jackson ) - AEW - May 25, 2025 - Double or Nothing","Kenny Omega , Willow Nightingale , Swerve Strickland and The Opps ( Samoa Joe , Powerhouse Hobbs and Katsuyori Shibata ) vs. Death Riders ( Jon Moxley , Claudio Castagnoli , Marina Shafir and Wheeler Yuta ) and The Young Bucks ( Matthew Jackson and Nicholas Jackson )","May 25, 2025",Double or Nothing,AEW,,,,
"""Hangman"" Adam Page vs. Will Ospreay - AEW - May 25, 2025 - Double or Nothing","""Hangman"" Adam Page vs. Will Ospreay","May 25, 2025",Double or Nothing,AEW,,,,
"Kosei Fujita vs. Yoh - NJPW - June 1, 2025 - Best of the Super Juniors Finals",Kosei Fujita vs. Yoh,"June 1, 2025",Best of the Super Juniors Finals,NJPW,,,,
"Will Ospreay vs. Swerve Strickland - AEW - June 11, 2025 - Dynamite Summer Blockbuster",Will Ospreay vs. Swerve Strickland,"June 11, 2025",Dynamite Summer Blockbuster,AEW,,,,
"Bandido vs. Máscara Dorada - AEW/CMLL/ROH - June 17, 2025 - CMLL vs. AEW & ROH",Bandido vs. Máscara Dorada,"June 17, 2025",CMLL vs. AEW & ROH,AEW/CMLL/ROH,,,,
"Bandido and Hologram vs. El Sky Team ( Místico and Máscara Dorada ) - CMLL - June 20, 2025 - Fantastica Mania: Mexico",Bandido and Hologram vs. El Sky Team ( Místico and Máscara Dorada ),"June 20, 2025",Fantastica Mania: Mexico,CMLL,,,,
"Sareee vs. Syuri - Stardom - June 21, 2025 - Stardom The Conversion 2025",Sareee vs. Syuri,"June 21, 2025",Stardom The Conversion 2025,Stardom,,,,
"Taichi vs. Tomohiro Ishii - NJPW - July 6, 2025 - New Japan Soul Day 9",Taichi vs. Tomohiro Ishii,"July 6, 2025",New Japan Soul Day 9,NJPW,,,,
"Bandido vs. Konosuke Takeshita - ROH - July 11, 2025 - Supercard of Honor",Bandido vs. Konosuke Takeshita,"July 11, 2025",Supercard of Honor,ROH,,,,
"Will Ospreay and Swerve Strickland vs. The Young Bucks ( Matthew Jackson and Nicholas Jackson ) - AEW - July 12, 2025 - All In: Texas",Will Ospreay and Swerve Strickland vs. The Young Bucks ( Matthew Jackson and Nicholas Jackson ),"July 12, 2025",All In: Texas,AEW,,,,
"""Hangman"" Adam Page vs. Jon Moxley - AEW - July 12, 2025 - All In: Texas","""Hangman"" Adam Page vs. Jon Moxley","July 12, 2025",All In: Texas,AEW,,,,
"Neón vs. Máscara Dorada - CMLL - July 25, 2025 - Leyenda de Plata",Neón vs. Máscara Dorada,"July 25, 2025",Leyenda de Plata,CMLL,,,,
"Kyle Fletcher vs. Dustin Rhodes - AEW - July 31, 2025 - Collision",Kyle Fletcher vs. Dustin Rhodes,"July 31, 2025",Collision,AEW,,,,
"Cody Rhodes vs. John Cena - WWE - August 3, 2025 - SummerSlam Night 2",Cody Rhodes vs. John Cena,"August 3, 2025",SummerSlam Night 2,WWE,,,,
"Will Ospreay , Hiroshi Tanahashi , Darby Allin and Golden Lovers ( Kenny Omega and Kota Ibushi ) vs. Death Riders ( Jon Moxley and Claudio Castagnoli ) , Gabe Kidd and The Young Bucks ( Matt Jackson and Nick Jackson ) - AEW/NJPW - August 24, 2025 - Forbidden Door","Will Ospreay , Hiroshi Tanahashi , Darby Allin and Golden Lovers ( Kenny Omega and Kota Ibushi ) vs. Death Riders ( Jon Moxley and Claudio Castagnoli ) , Gabe Kidd and The Young Bucks ( Matt Jackson and Nick Jackson )","August 24, 2025",Forbidden Door,AEW/NJPW,,,,
"Bandido vs. Hechicero - ROH - August 29, 2025 - Death Before Dishonor",Bandido vs. Hechicero,"August 29, 2025",Death Before Dishonor,ROH,,,,
"Team Mexico ( Ángel de Oro , Atlantis Jr. , Difunto, Máscara Dorada , Neón , Místico , Templario , Titán , Volador Jr. and Zandokan Jr. ) vs. Team International ( Action Andretti , ""Speedball"" Mike Bailey , Donovan Dijak , Taiji Ishimori , The Beast Mortos , Michael Oku , Rocky Romero , Lio Rush , TJP and Robbie X ) - CMLL - August 29, 2025 - International Gran Prix","Team Mexico ( Ángel de Oro , Atlantis Jr. , Difunto, Máscara Dorada , Neón , Místico , Templario , Titán , Volador Jr. and Zandokan Jr. ) vs. Team International ( Action Andretti , ""Speedball"" Mike Bailey , Donovan Dijak , Taiji Ishimori , The Beast Mortos , Michael Oku , Rocky Romero , Lio Rush , TJP and Robbie X )","August 29, 2025",International Gran Prix,CMLL,,,,
"Místico vs. MJF - CMLL - September 19, 2025 - 92nd Anniversary Show",Místico vs. MJF,"September 19, 2025",92nd Anniversary Show,CMLL,,,,
"Kazuchika Okada vs. Konosuke Takeshita vs. Máscara Dorada - AEW - September 20, 2025 - All Out",Kazuchika Okada vs. Konosuke Takeshita vs. Máscara Dorada,"September 20, 2025",All Out,AEW,,,,
"""Hangman"" Adam Page vs. Kyle Fletcher - AEW - September 20, 2025 - All Out","""Hangman"" Adam Page vs. Kyle Fletcher","September 20, 2025",All Out,AEW,,,,
"Konosuke Takeshita vs. Zack Sabre Jr. - NJPW - October 13, 2025 - King of Pro-Wrestling",Konosuke Takeshita vs. Zack Sabre Jr.,"October 13, 2025",King of Pro-Wrestling,NJPW,,,,
"Brodido ( Bandido and Brody King ) vs. Don Callis Family ( Kazuchika Okada and Konosuke Takeshita ) - AEW - October 18, 2025 - WrestleDream",Brodido ( Bandido and Brody King ) vs. Don Callis Family ( Kazuchika Okada and Konosuke Takeshita ),"October 18, 2025",WrestleDream,AEW,,,,
"Darby Allin , The Conglomeration ( Mark Briscoe , Orange Cassidy and Kyle O'Reilly ) and Roderick Strong vs. Death Riders ( Jon Moxley , Claudio Castagnoli , Daniel Garcia , Pac and Wheeler Yuta ) - AEW - November 12, 2025 - Dynamite Blood and Guts","Darby Allin , The Conglomeration ( Mark Briscoe , Orange Cassidy and Kyle O'Reilly ) and Roderick Strong vs. Death Riders ( Jon Moxley , Claudio Castagnoli , Daniel Garcia , Pac and Wheeler Yuta )","November 12, 2025",Dynamite Blood and Guts,AEW,,,,
"FTR ( Dax Harwood and Cash Wheeler ) vs. Brodido ( Bandido and Brody King ) - AEW - November 22, 2025 - Full Gear",FTR ( Dax Harwood and Cash Wheeler ) vs. Brodido ( Bandido and Brody King ),"November 22, 2025",Full Gear,AEW,,,,
"Mark Briscoe vs. Kyle Fletcher - AEW - November 22, 2025 - Full Gear",Mark Briscoe vs. Kyle Fletcher,"November 22, 2025",Full Gear,AEW,,,,
"Máscara Dorada vs. Komander - CMLL - November 23, 2025 - Domingo Familiar",Máscara Dorada vs. Komander,"November 23, 2025",Domingo Familiar,CMLL,,,,
"""Speedball"" Mike Bailey vs. Kyle Fletcher - AEW - December 10, 2025 - Dynamite Winter Is Coming","""Speedball"" Mike Bailey vs. Kyle Fletcher","December 10, 2025",Dynamite Winter Is Coming,AEW,,,,
"Kyle Fletcher vs. Jon Moxley - AEW - December 27, 2025 - Worlds End",Kyle Fletcher vs. Jon Moxley,"December 27, 2025",Worlds End,AEW,,,,
"Konosuke Takeshita vs. Yota Tsuji - NJPW - January 4, 2026 - Wrestle Kingdom 20",Konosuke Takeshita vs. Yota Tsuji,"January 4, 2026",Wrestle Kingdom 20,NJPW,,,,
"Hiroshi Tanahashi vs. Kazuchika Okada - NJPW - January 4, 2026 - Wrestle Kingdom 20",Hiroshi Tanahashi vs. Kazuchika Okada,"January 4, 2026",Wrestle Kingdom 20,NJPW,,,,
"Shota Umino and Yuya Uemura vs. Tomohiro Ishii and Taichi - NJPW - January 19, 2026 - Road to The New Beginning",Shota Umino and Yuya Uemura vs. Tomohiro Ishii and Taichi,"January 19, 2026",Road to The New Beginning,NJPW,,,,
"Swerve Strickland vs. Kenny Omega - AEW - February 18, 2026 - Dynamite",Swerve Strickland vs. Kenny Omega,"February 18, 2026",Dynamite,AEW,,,,
"Jack Perry , The Rascalz ( Dezmond Xavier & Zachary Wentz ), and The Young Bucks ( Matt Jackson and Nick Jackson ) vs. FTR ( Dax Harwood & Cash Wheeler ) and The Demand ( Ricochet and Gates of Agony ( Bishop Kaun and Toa Liona )) - AEW - February 25, 2026 - Dynamite","Jack Perry , The Rascalz ( Dezmond Xavier & Zachary Wentz ), and The Young Bucks ( Matt Jackson and Nick Jackson ) vs. FTR ( Dax Harwood & Cash Wheeler ) and The Demand ( Ricochet and Gates of Agony ( Bishop Kaun and Toa Liona ))","February 25, 2026",Dynamite,AEW,,,,
"Kyle Fletcher vs. ""Speedball"" Mike Bailey - AEW - March 11, 2026 - Dynamite","Kyle Fletcher vs. ""Speedball"" Mike Bailey","March 11, 2026",Dynamite,AEW,,,,
"FTR ( Dax Harwood and Cash Wheeler ) vs. The Young Bucks ( Matt Jackson and Nick Jackson ) - AEW - March 15, 2026 - Revolution",FTR ( Dax Harwood and Cash Wheeler ) vs. The Young Bucks ( Matt Jackson and Nick Jackson ),"March 15, 2026",Revolution,AEW,,,,
"Jon Moxley vs. Konosuke Takeshita - AEW - March 15, 2026 - Revolution",Jon Moxley vs. Konosuke Takeshita,"March 15, 2026",Revolution,AEW,,,,
"Andrade El Idolo vs. Bandido - AEW - March 15, 2026 - Revolution",Andrade El Idolo vs. Bandido,"March 15, 2026",Revolution,AEW,,,,
"Callum Newman vs. Yuya Uemura - NJPW - March 21, 2026 - New Japan Cup Final",Callum Newman vs. Yuya Uemura,"March 21, 2026",New Japan Cup Final,NJPW,,,,
"Místico and JetSpeed ( Kevin Knight & “Speedball” Mike Bailey ) vs. Hechicero , Volador Jr. , and El Clon - CMLL - April 3, 2026 - Super Viernes","Místico and JetSpeed ( Kevin Knight & “Speedball” Mike Bailey ) vs. Hechicero , Volador Jr. , and El Clon","April 3, 2026",Super Viernes,CMLL,,,,
"The Young Bucks ( Matt Jackson and Nick Jackson ) vs. Don Callis Family ( Kazuchika Okada and Konosuke Takeshita ) - AEW - April 12, 2026 - Dynasty",The Young Bucks ( Matt Jackson and Nick Jackson ) vs. Don Callis Family ( Kazuchika Okada and Konosuke Takeshita ),"April 12, 2026",Dynasty,AEW,,,,
"CM Punk vs. Roman Reigns - WWE - April 19, 2026 - WrestleMania 42 Night 2",CM Punk vs. Roman Reigns,"April 19, 2026",WrestleMania 42 Night 2,WWE,,,,
"Darby Allin vs. Tommaso Ciampa - AEW - April 22, 2026 - Dynamite",Darby Allin vs. Tommaso Ciampa,"April 22, 2026",Dynamite,AEW,,,,
"Darby Allin vs. Konosuke Takeshita - AEW - May 13, 2026 - Dynamite",Darby Allin vs. Konosuke Takeshita,"May 13, 2026",Dynamite,AEW,,,,
"Adam Copeland and Christian Cage vs. FTR ( Dax Harwood and Cash Wheeler ) - AEW - May 24, 2026 - Double or Nothing",Adam Copeland and Christian Cage vs. FTR ( Dax Harwood and Cash Wheeler ),"May 24, 2026",Double or Nothing,AEW,,,,
"Kazuchika Okada vs. Konosuke Takeshita - AEW - May 24, 2026 - Double or Nothing",Kazuchika Okada vs. Konosuke Takeshita,"May 24, 2026",Double or Nothing,AEW,,,,
"Bandido , Noisy Boy, Spider Fly and Zonik vs. Gringo Loco , Vengador, Iron Kid and Turbo - Riot Lucha Libre - May 29, 2026 - Lo Mismo Pero Sin Cambios","Bandido , Noisy Boy, Spider Fly and Zonik vs. Gringo Loco , Vengador, Iron Kid and Turbo","May 29, 2026",Lo Mismo Pero Sin Cambios,Riot Lucha Libre,,,,
"El Grande Americano vs. ""The Original"" El Grande Americano - AAA/WWE - May 30, 2026 - Noche de Los Grandes Week 1","El Grande Americano vs. ""The Original"" El Grande Americano","May 30, 2026",Noche de Los Grandes Week 1,AAA/WWE,,,,
